	rss	var_ref	df	chi2	pval
E	0.263423578785529	0.00275945319221395	90	95.4622385075428	0.326843817637665
B	0.007031304328149	5.18401070936403e-05	90	135.634448351894	0.00134564763077619
G	0.00734317425008998	5.42077955232211e-05	90	135.463436194235	0.00138932373268579
F	0.00939644401902144	7.38765514308496e-05	90	127.191156558205	0.00603190294566959
C	0.00477140252160377	6.30793232535721e-06	90	756.41308046747	6.25185538657604e-106
A	0.483203312599454	0.00484371770921275	90	99.7587682866822	0.226050827505782
D	0.0673356139614636	0.000616585903644869	90	109.207190049947	0.0823064093306531
H	0.341344865106558	0.00343005349062381	90	99.5159014399156	0.23116785951242
Total	1.18384969557187	0.0118360426820684	720	1558.64621985589	7.83809059225845e-64
