	rss	var_ref	df	chi2	pval
GLC	0.127818473621274	0.01	990	12.7818473621274	1
G6P	0.272418195231613	0.01	990	27.2418195231613	1
F6P	0.0370363703487606	0.01	990	3.70363703487606	1
Total	0.437273039201648	0.03	2970	43.7273039201648	1
