Specie	Value
FBP	0.987192907058521
F6P	1.06243450874679
