	rss	var_ref	df	chi2	pval
GLC	0.233999792272569	0.0025	990	93.5999169090276	1
G6P	0.3708691326197	0.0025	990	148.34765304788	1
F6P	0.14025637319958	0.00282191771344011	990	49.7025028517213	1
FBP	2.62655462772323	0.00974549835746653	990	269.514655011038	1
Total	3.37167992581508	0.0175674160709066	3960	561.164727819667	1
