	rss	var_ref	df	chi2	pval
E	1.40732701847875e-06	6.76553501978473e-08	10	20.8014150301972	0.0225216687032736
B	1.90911134320193e-06	8.40290290637043e-08	10	22.7196644359009	0.0118300036619426
G	3.48958688076616e-07	6.73530310679722e-09	10	51.8103910905582	1.23714045991507e-07
F	5.26291623582258e-07	1.47243418429523e-08	10	35.7429642150127	9.31796316197866e-05
C	5.48357933999523e-07	1.58230047965971e-08	10	34.6557396049992	0.000142927370270663
A	2.28539694876476e-07	4.46647416080791e-13	10	511678.085774793	0
D	3.51831754619813e-07	1.69138375494681e-08	10	20.8014150301967	0.0225216687032769
H	3.56935936204294e-06	1.62659558961189e-07	10	21.9437417932173	0.0153937798112458
Total	8.88977741887831e-06	3.68540872165972e-07	80	511886.561105993	0
